mean	std
0.004856250000000006	0.2628769987491376
