best_profit	one_std_profit
114385.70329200008	70793.56648081228
