best_profit	one_std_profit
114385.70329200008	67779.67960348014
